"site","exp.seedling.sp","zone","transect","plot","dist.on.transect.","treatment","herb.treat","tussock.treat","organic.depth","non.vascular","moss","lichen","mineral","organic","rock","shrub","excrement","forb","graminoid","litter","other","total","nat.seedling.sp.y0","nat.seedling.count.y0","nat.seedling.sp.y1","nat.seedling.count.y1","nat.seedling.sp.y2","nat.seedling.count.y2","exp.seedling.count.y1","exp.seedling.count.y2","exp.seedling.dead","exp.seedling.missing","utm.zone","easting","northing","plot.photo","scar.photo","date.seeded","date.counted","comment","provenance","start.year","exp.duration","subplot","sp.seeded","tot.emerge.y1","uniquePlot","seedT","scarT","seeds.per.plot"
"12 Mile","Picea glauca","AT",2,"18",10.09,"SC","nonex",NA,16,100,5,95,0,0,0,0,NA,0,0,NA,0,100,NA,0,NA,0,NA,NA,0,NA,NA,NA,"06W",547261,7253485,NA,NA,20130917,NA,NA,"high",2013,2,NA,"Picea glauca",0,"12 Mile_AT_2_18",0,1,769
"12 Mile","Picea glauca","AT",1,"10",5.47,"SD","nonex",NA,14,95,80,15,0,5,0,0,NA,0,0,NA,0,100,NA,0,NA,0,NA,NA,0,NA,NA,NA,"06W",547241,7253504,NA,NA,20130917,NA,NA,"high",2013,2,NA,"Picea glauca",0,"12 Mile_AT_1_10",1,0,769
"12 Mile","Picea glauca","AT",1,"1",0.1,"SS","nonex",NA,28,100,60,40,0,0,0,0,NA,0,0,NA,0,100,NA,0,NA,0,NA,NA,0,NA,NA,NA,"06W",547241,7253504,NA,NA,20130917,"",NA,"high",2013,2,NA,"Picea glauca",0,"12 Mile_AT_1_1",1,1,769
"12 Mile","Picea glauca","AT",1,"6",3.04,"CN","nonex",NA,23,90,80,10,0,10,0,0,NA,0,0,NA,0,100,"",0,NA,0,NA,NA,0,NA,NA,NA,"06W",547241,7253504,NA,NA,20130917,NA,NA,"high",2013,2,NA,"Picea glauca",0,"12 Mile_AT_1_6",0,0,769
"12 Mile","Picea glauca","AT",3,"24",13.62,"SC","nonex",NA,50,90,90,0,0,10,0,0,NA,0,0,NA,0,100,NA,0,NA,0,NA,NA,0,NA,NA,NA,"06W",547248,7253481,NA,NA,20130917,NA,NA,"low",2013,2,NA,"Picea glauca",0,"12 Mile_AT_3_24",0,1,769
"12 Mile","Picea glauca","AT",4,"38",21.51,"SD","nonex",NA,15,95,0,95,0,5,0,0,NA,0,0,NA,0,100,NA,0,NA,0,NA,NA,0,NA,NA,NA,"06W",547258,7253441,NA,NA,20130917,NA,NA,"low",2013,2,NA,"Picea glauca",0,"12 Mile_AT_4_38",1,0,769
"12 Mile","Picea glauca","AT",2,"11",6.19,"CN","nonex",NA,20,98,0,98,0,2,0,0,NA,0,0,NA,0,100,"",0,NA,0,NA,NA,0,NA,NA,NA,"06W",547261,7253485,NA,NA,20130917,NA,NA,"high",2013,2,NA,"Picea glauca",0,"12 Mile_AT_2_11",0,0,769
"12 Mile","Picea glauca","AT",2,"17",9.59,"SC","nonex",NA,50,70,60,10,0,30,0,0,NA,0,0,NA,0,100,NA,0,NA,0,NA,NA,0,NA,NA,NA,"06W",547261,7253485,NA,NA,20130917,NA,NA,"high",2013,2,NA,"Picea glauca",0,"12 Mile_AT_2_17",0,1,769
"12 Mile","Picea glauca","AT",2,"12",6.77,"SC","nonex",NA,8,99,0,99,0,1,0,0,NA,0,0,NA,0,100,NA,0,NA,0,NA,NA,0,NA,NA,NA,"06W",547261,7253485,NA,NA,20130917,NA,NA,"high",2013,2,NA,"Picea glauca",0,"12 Mile_AT_2_12",0,1,769
"12 Mile","Picea glauca","AT",1,"4",1.82,"SS","nonex",NA,13,100,5,95,0,0,0,0,NA,0,0,NA,0,100,NA,0,NA,0,NA,NA,0,NA,NA,NA,"06W",547241,7253504,NA,NA,20130917,NA,NA,"high",2013,2,NA,"Picea glauca",0,"12 Mile_AT_1_4",1,1,769
"12 Mile","Picea glauca","AT",3,"28",16.14,"CN","nonex",NA,16,95,90,5,0,5,0,0,NA,0,0,NA,0,100,"",0,NA,0,NA,NA,0,NA,NA,NA,"06W",547248,7253481,NA,NA,20130917,NA,NA,"low",2013,2,NA,"Picea glauca",0,"12 Mile_AT_3_28",0,0,769
"12 Mile","Picea glauca","AT",3,"26",14.67,"CN","nonex",NA,50,95,95,0,0,5,0,0,NA,0,0,NA,0,100,"",0,NA,0,NA,NA,0,NA,NA,NA,"06W",547248,7253481,NA,NA,20130917,NA,NA,"low",2013,2,NA,"Picea glauca",0,"12 Mile_AT_3_26",0,0,769
"12 Mile","Picea glauca","AT",1,"7",3.6,"CN","nonex",NA,22,95,95,0,0,5,0,0,NA,0,0,NA,0,100,"",0,NA,0,NA,NA,0,NA,NA,NA,"06W",547241,7253504,NA,NA,20130917,NA,NA,"high",2013,2,NA,"Picea glauca",0,"12 Mile_AT_1_7",0,0,769
"12 Mile","Picea glauca","AT",3,"27",15.28,"SD","nonex",NA,50,100,85,15,0,0,0,0,NA,0,0,NA,0,100,NA,0,NA,0,NA,NA,0,NA,NA,NA,"06W",547248,7253481,NA,NA,20130917,NA,NA,"low",2013,2,NA,"Picea glauca",0,"12 Mile_AT_3_27",1,0,769
"12 Mile","Picea glauca","AT",1,"9",4.69,"SS","nonex",NA,18,80,0,80,0,20,0,0,NA,0,0,NA,0,100,NA,0,NA,0,NA,NA,0,NA,NA,NA,"06W",547241,7253504,NA,NA,20130917,NA,NA,"high",2013,2,NA,"Picea glauca",0,"12 Mile_AT_1_9",1,1,769
"12 Mile","Picea glauca","AT",1,"8",4.35,"SS","nonex",NA,20,95,95,0,0,5,0,0,NA,0,0,NA,0,100,NA,0,NA,0,NA,NA,0,NA,NA,NA,"06W",547241,7253504,NA,NA,20130917,NA,NA,"high",2013,2,NA,"Picea glauca",0,"12 Mile_AT_1_8",1,1,769
"12 Mile","Picea glauca","AT",2,"15",8.16,"SC","nonex",NA,50,97,95,2,0,3,0,0,NA,0,0,NA,0,100,NA,0,NA,0,NA,NA,0,NA,NA,NA,"06W",547261,7253485,NA,NA,20130917,NA,NA,"high",2013,2,NA,"Picea glauca",0,"12 Mile_AT_2_15",0,1,769
"12 Mile","Picea glauca","AT",3,"21",12.13,"SS","nonex",NA,13,99,0,99,0,1,0,0,NA,0,0,NA,0,100,NA,0,NA,0,NA,NA,0,NA,NA,NA,"06W",547248,7253481,NA,NA,20130917,NA,NA,"low",2013,2,NA,"Picea glauca",0,"12 Mile_AT_3_21",1,1,769
"12 Mile","Picea glauca","AT",4,"32",17.66,"SC","nonex",NA,24,80,40,40,0,20,0,0,NA,0,0,NA,0,100,NA,0,NA,0,NA,NA,0,NA,NA,NA,"06W",547258,7253441,NA,NA,20130917,NA,NA,"low",2013,2,NA,"Picea glauca",0,"12 Mile_AT_4_32",0,1,769
"12 Mile","Picea glauca","AT",2,"16",8.68,"SD","nonex",NA,29,100,30,70,0,0,0,0,NA,0,0,NA,0,100,NA,0,NA,0,NA,NA,0,NA,NA,NA,"06W",547261,7253485,NA,NA,20130917,NA,NA,"high",2013,2,NA,"Picea glauca",0,"12 Mile_AT_2_16",1,0,769
"12 Mile","Picea glauca","AT",4,"36",20.29,"SC","nonex",NA,15,100,20,80,0,0,0,0,NA,0,0,NA,0,100,NA,0,NA,0,NA,NA,0,NA,NA,NA,"06W",547258,7253441,NA,NA,20130917,NA,NA,"low",2013,2,NA,"Picea glauca",0,"12 Mile_AT_4_36",0,1,769
"12 Mile","Picea glauca","AT",1,"3",1.15,"SC","nonex",NA,13,99,0,99,0,1,0,0,NA,0,0,NA,0,100,NA,0,NA,0,NA,NA,0,NA,NA,NA,"06W",547241,7253504,NA,NA,20130917,NA,NA,"high",2013,2,NA,"Picea glauca",0,"12 Mile_AT_1_3",0,1,769
"12 Mile","Picea glauca","AT",3,"30",16.68,"SD","nonex",NA,50,60,60,0,0,40,0,0,NA,0,0,NA,0,100,NA,0,NA,0,NA,NA,0,NA,NA,NA,"06W",547248,7253481,NA,NA,20130917,NA,NA,"low",2013,2,NA,"Picea glauca",0,"12 Mile_AT_3_30",1,0,769
"12 Mile","Picea glauca","AT",4,"39",22.42,"SS","nonex",NA,18,95,15,80,0,0,5,0,NA,0,0,NA,0,100,NA,0,NA,0,NA,NA,0,NA,NA,NA,"06W",547258,7253441,NA,NA,20130917,NA,NA,"low",2013,2,NA,"Picea glauca",0,"12 Mile_AT_4_39",1,1,769
"12 Mile","Picea glauca","AT",3,"29",16.34,"SC","nonex",NA,20,100,40,60,0,0,0,0,NA,0,0,NA,0,100,NA,0,NA,0,NA,NA,0,NA,NA,NA,"06W",547248,7253481,NA,NA,20130917,NA,NA,"low",2013,2,NA,"Picea glauca",0,"12 Mile_AT_3_29",0,1,769
"12 Mile","Picea glauca","AT",2,"13",7.19,"SS","nonex",NA,9,99,0,99,0,1,0,0,NA,0,0,NA,0,100,NA,0,NA,0,NA,NA,0,NA,NA,NA,"06W",547261,7253485,NA,NA,20130917,NA,NA,"high",2013,2,NA,"Picea glauca",0,"12 Mile_AT_2_13",1,1,769
"12 Mile","Picea glauca","AT",2,"20",11.37,"CN","nonex",NA,50,100,95,5,0,0,0,0,NA,0,0,NA,0,100,"",0,NA,0,NA,NA,0,NA,NA,NA,"06W",547261,7253485,NA,NA,20130917,NA,NA,"high",2013,2,NA,"Picea glauca",0,"12 Mile_AT_2_20",0,0,769
"12 Mile","Picea glauca","AT",3,"25",14.31,"SS","nonex",NA,50,95,95,0,0,5,0,0,NA,0,0,NA,0,100,NA,0,NA,0,NA,NA,0,NA,NA,NA,"06W",547248,7253481,NA,NA,20130917,NA,NA,"low",2013,2,NA,"Picea glauca",0,"12 Mile_AT_3_25",1,1,769
"12 Mile","Picea glauca","AT",4,"31",17.54,"SD","nonex",NA,15,100,5,95,0,0,0,0,NA,0,0,NA,0,100,NA,0,NA,0,NA,NA,0,NA,NA,NA,"06W",547258,7253441,NA,NA,20130917,NA,NA,"low",2013,2,NA,"Picea glauca",0,"12 Mile_AT_4_31",1,0,769
"12 Mile","Picea glauca","AT",4,"33",18.21,"SS","nonex",NA,24,90,30,60,0,10,0,0,NA,0,0,NA,0,100,NA,0,NA,0,NA,NA,0,NA,NA,NA,"06W",547258,7253441,NA,NA,20130917,NA,NA,"low",2013,2,NA,"Picea glauca",0,"12 Mile_AT_4_33",1,1,769
"12 Mile","Picea glauca","AT",3,"22",12.59,"CN","nonex",NA,14,100,20,80,0,0,0,0,NA,0,0,NA,0,100,"",0,NA,0,NA,NA,0,NA,NA,NA,"06W",547248,7253481,NA,NA,20130917,NA,NA,"low",2013,2,NA,"Picea glauca",0,"12 Mile_AT_3_22",0,0,769
"12 Mile","Picea glauca","AT",2,"19",11.06,"CN","nonex",NA,17,80,60,20,0,20,0,0,NA,0,0,NA,0,100,"",0,NA,0,NA,NA,0,NA,NA,NA,"06W",547261,7253485,NA,NA,20130917,NA,NA,"high",2013,2,NA,"Picea glauca",0,"12 Mile_AT_2_19",0,0,769
"12 Mile","Picea glauca","AT",4,"37",21.16,"CN","nonex",NA,13,95,0,95,0,5,0,0,NA,0,0,NA,0,100,NA,0,NA,0,NA,NA,0,NA,NA,NA,"06W",547258,7253441,NA,NA,20130917,NA,NA,"low",2013,2,NA,"Picea glauca",0,"12 Mile_AT_4_37",0,0,769
"12 Mile","Picea glauca","AT",4,"34",18.73,"SS","nonex",NA,24,100,75,25,0,0,0,0,NA,0,0,NA,0,100,NA,0,NA,0,NA,NA,0,NA,NA,NA,"06W",547258,7253441,NA,NA,20130917,NA,NA,"low",2013,2,NA,"Picea glauca",0,"12 Mile_AT_4_34",1,1,769
"12 Mile","Picea glauca","AT",1,"5",2.49,"SD","nonex",NA,18,100,40,60,0,0,0,0,NA,0,0,NA,0,100,NA,0,NA,0,NA,NA,0,NA,NA,NA,"06W",547241,7253504,NA,NA,20130917,NA,NA,"high",2013,2,NA,"Picea glauca",0,"12 Mile_AT_1_5",1,0,769
"12 Mile","Picea glauca","AT",2,"14",7.77,"SD","nonex",NA,9,90,0,90,0,10,0,0,NA,0,0,NA,0,100,NA,0,NA,0,NA,NA,0,NA,NA,NA,"06W",547261,7253485,NA,NA,20130917,NA,NA,"high",2013,2,NA,"Picea glauca",0,"12 Mile_AT_2_14",1,0,769
"12 Mile","Picea glauca","AT",1,"2",0.55,"SD","nonex",NA,20,80,80,0,0,10,0,0,NA,0,0,NA,10,100,NA,0,NA,0,NA,NA,0,NA,NA,NA,"06W",547241,7253504,NA,NA,20130917,NA,NA,"high",2013,2,NA,"Picea glauca",0,"12 Mile_AT_1_2",1,0,769
"12 Mile","Picea glauca","AT",4,"40",23.33,"CN","nonex",NA,21,90,90,0,0,10,0,0,NA,0,0,NA,0,100,NA,0,NA,0,NA,NA,0,NA,NA,NA,"06W",547258,7253441,NA,NA,20130917,NA,NA,"low",2013,2,NA,"Picea glauca",0,"12 Mile_AT_4_40",0,0,769
"12 Mile","Picea glauca","AT",3,"23",13.41,"SD","nonex",NA,NA,100,40,60,0,0,0,0,NA,0,0,NA,0,100,NA,0,NA,0,NA,NA,0,NA,NA,NA,"06W",547248,7253481,NA,NA,20130917,NA,NA,"low",2013,2,NA,"Picea glauca",0,"12 Mile_AT_3_23",1,0,769
"12 Mile","Picea glauca","AT",4,"35",19.52,"SC","nonex",NA,20,100,60,40,0,0,0,0,NA,0,0,NA,0,100,NA,0,NA,0,NA,NA,0,NA,NA,NA,"06W",547258,7253441,NA,NA,20130917,NA,NA,"low",2013,2,NA,"Picea glauca",0,"12 Mile_AT_4_35",0,1,769
"Blowdown","Abies lasiocarpa","AT",1,"12",11.86,"SD","nonex",NA,0,0,0,0,5,0,0,35,NA,10,20,30,NA,100,NA,0,NA,0,NA,NA,0,NA,0,NA,"10U",NA,NA,"9098",NA,20141006,"42244",NA,NA,2014,1,NA,"Abies lasiocarpa",0,"Blowdown_AT_1_12",1,0,100
"Blowdown","Abies lasiocarpa","AT",1,"11",10.65,"SD","nonex",NA,0,1.96078431372549,1.96078431372549,0,0,0,0,24.5098039215686,NA,34.31372549,29.41176471,9.803922,NA,100,NA,0,NA,0,NA,NA,0,NA,0,NA,"10U",NA,NA,"9097",NA,20141006,"42244",NA,NA,2014,1,NA,"Abies lasiocarpa",0,"Blowdown_AT_1_11",1,0,100
"Blowdown","Abies lasiocarpa","AT",1,"14",1.66,"SC","nonex",NA,0.5,0,0,0,0.970873786407767,0,1.94174757281553,53.3980582524272,NA,19.41747573,14.5631068,9.708738,NA,100,NA,0,NA,0,NA,NA,0,NA,0,NA,"10U",NA,NA,"9100",9116,20141006,"42244",NA,NA,2014,1,NA,"Abies lasiocarpa",0,"Blowdown_AT_1_14",0,1,100
"Blowdown","Abies lasiocarpa","AT",1,"3",2.15,"SC","nonex",NA,0,7.36842105263158,7.36842105263158,0,7.36842105263158,0,1.05263157894737,47.3684210526316,NA,10.52631579,21.05263158,5.263158,NA,100,NA,0,NA,0,NA,NA,0,NA,0,NA,"10U",NA,NA,"9089",9111,20141006,"42244",NA,NA,2014,1,NA,"Abies lasiocarpa",0,"Blowdown_AT_1_3",0,1,100
"Blowdown","Abies lasiocarpa","AT",1,"13",0.87,"SD","nonex",NA,0,0,0,0,1.81818181818182,0,0,63.6363636363636,NA,13.63636364,18.18181818,2.727273,NA,100,NA,0,NA,0,NA,NA,0,NA,0,NA,"10U",NA,NA,"9099",NA,20141006,"42244",NA,NA,2014,1,NA,"Abies lasiocarpa",0,"Blowdown_AT_1_13",1,0,100
"Blowdown","Abies lasiocarpa","AT",1,"18",6.28,"SC","nonex",NA,0,0,0,0,3.33333333333333,0,2.22222222222222,33.3333333333333,NA,5.55555556,11.11111111,44.444444,NA,100,NA,0,NA,0,NA,NA,0,NA,0,NA,"10U",NA,NA,"9104",9118,20141006,"42244",NA,NA,2014,1,NA,"Abies lasiocarpa",0,"Blowdown_AT_1_18",0,1,100
"Blowdown","Abies lasiocarpa","AT",1,"19",7.1,"CN","nonex",NA,0,3.77358490566038,2.83018867924528,0.943396226415094,4.71698113207547,0,9.43396226415094,47.1698113207547,NA,1.88679245,18.86792453,14.150943,NA,100,NA,0,NA,0,NA,NA,0,NA,0,NA,"10U",NA,NA,"9105",NA,20141006,"42244",NA,NA,2014,1,NA,"Abies lasiocarpa",0,"Blowdown_AT_1_19",0,0,100
"Blowdown","Abies lasiocarpa","AT",1,"6",5.87,"SS","nonex",NA,0,0.943396226415094,0.943396226415094,0,9.43396226415094,0,0,51.8867924528302,NA,9.43396226,28.30188679,0,NA,100,NA,0,NA,0,NA,NA,0,NA,0,NA,"10U",NA,NA,"9092",9113,20141006,"42244",NA,NA,2014,1,NA,"Abies lasiocarpa",0,"Blowdown_AT_1_6",1,1,100
"Blowdown","Abies lasiocarpa","AT",1,"7",7.03,"SC","nonex",NA,0,3.96039603960396,2.97029702970297,0.99009900990099,9.9009900990099,0,3.96039603960396,34.6534653465347,NA,11.88118812,29.7029703,5.940594,NA,100,NA,0,NA,0,NA,NA,0,NA,0,NA,"10U",NA,NA,"9093",9114,20141006,"42244",NA,NA,2014,1,NA,"Abies lasiocarpa",0,"Blowdown_AT_1_7",0,1,100
"Blowdown","Abies lasiocarpa","AT",1,"8",8.16,"SD","nonex",NA,0,1.92307692307692,1.92307692307692,0,14.4230769230769,0,1.92307692307692,19.2307692307692,NA,14.42307692,19.23076923,28.846154,NA,100,NA,0,NA,0,NA,NA,0,NA,0,NA,"10U",NA,NA,"9094",NA,20141006,"42244",NA,NA,2014,1,NA,"Abies lasiocarpa",0,"Blowdown_AT_1_8",1,0,100
"Blowdown","Abies lasiocarpa","AT",1,"15",2.59,"SS","nonex",NA,0.5,0,0,0,1.96078431372549,0,0,34.3137254901961,NA,4.90196078,19.60784314,39.215686,NA,100,NA,0,NA,0,NA,NA,0,NA,0,NA,"10U",NA,NA,"9101",9117,20141006,"42244",NA,NA,2014,1,NA,"Abies lasiocarpa",0,"Blowdown_AT_1_15",1,1,100
"Blowdown","Abies lasiocarpa","AT",1,"17",5.22,"SD","nonex",NA,0,0,0,0,6.54205607476635,0,0.934579439252336,10.2803738317757,NA,0.93457944,11.21495327,70.093458,NA,100,NA,0,NA,0,NA,NA,0,NA,0,NA,"10U",NA,NA,"9103",NA,20141006,"42244",NA,NA,2014,1,NA,"Abies lasiocarpa",0,"Blowdown_AT_1_17",1,0,100
"Blowdown","Abies lasiocarpa","AT",1,"5",5.01,"SS","nonex",NA,0,0,0,0,73.394495412844,0,3.6697247706422,6.42201834862385,NA,4.58715596,6.42201835,5.504587,NA,100,NA,0,NA,0,NA,NA,0,NA,0,NA,"10U",NA,NA,"9091",9112,20141006,"42244",NA,NA,2014,1,NA,"Abies lasiocarpa",0,"Blowdown_AT_1_5",1,1,100
"Blowdown","Abies lasiocarpa","AT",1,"1",0.18,"SS","nonex",NA,0,0,0,0,4.76190476190476,0,0,57.1428571428571,NA,0,28.57142857,9.52381,NA,100,NA,0,NA,0,NA,NA,0,NA,0,NA,"10U",NA,NA,"9087",9110,20141006,"42244",NA,NA,2014,1,NA,"Abies lasiocarpa",0,"Blowdown_AT_1_1",1,1,100
"Blowdown","Abies lasiocarpa","AT",1,"16",4.07,"CN","nonex",NA,0,0,0,0,0,0,0,65.4205607476635,NA,14.01869159,9.34579439,11.214953,NA,100,NA,0,NA,0,NA,NA,0,NA,0,NA,"10U",NA,NA,"9102",NA,20141006,"42244",NA,NA,2014,1,NA,"Abies lasiocarpa",0,"Blowdown_AT_1_16",0,0,100
"Blowdown","Abies lasiocarpa","AT",1,"2",1.05,"CN","nonex",NA,0,1.98019801980198,0.99009900990099,0.99009900990099,24.7524752475248,0,4.95049504950495,39.6039603960396,NA,9.9009901,14.85148515,3.960396,NA,100,NA,0,NA,0,NA,NA,0,NA,0,NA,"10U",NA,NA,"9088",NA,20141006,"42244",NA,NA,2014,1,NA,"Abies lasiocarpa",0,"Blowdown_AT_1_2",0,0,100
"Blowdown","Abies lasiocarpa","AT",1,"9",8.78,"CN","nonex",NA,0,1.98019801980198,1.98019801980198,0,8.91089108910891,0,0,44.5544554455446,NA,19.8019802,14.85148515,9.90099,NA,100,NA,0,NA,0,NA,NA,0,NA,0,NA,"10U",NA,NA,"9095",9115,20141006,"42244",NA,NA,2014,1,NA,"Abies lasiocarpa",0,"Blowdown_AT_1_9",0,0,100
"Blowdown","Abies lasiocarpa","AT",1,"4",3.64,"CN","nonex",NA,0,0.970873786407767,0.970873786407767,0,33.9805825242718,0,1.94174757281553,33.9805825242718,NA,9.70873786,9.70873786,9.708738,NA,100,NA,0,NA,0,NA,NA,0,NA,0,NA,"10U",NA,NA,"9090",NA,20141006,"42244",NA,NA,2014,1,NA,"Abies lasiocarpa",0,"Blowdown_AT_1_4",0,0,100
"Blowdown","Abies lasiocarpa","AT",1,"10",9.39,"SC","nonex",NA,1.5,0,0,0,3.2258064516129,0,0,26.8817204301075,NA,48.38709677,10.75268817,10.752688,NA,100,NA,0,NA,0,NA,NA,0,NA,0,NA,"10U",NA,NA,"9096",NA,20141006,"42244",NA,NA,2014,1,NA,"Abies lasiocarpa",0,"Blowdown_AT_1_10",0,1,100
"Brooks","Picea glauca","AT",6,"57",32.42,"CN","nonex",NA,26,90,75,15,0,10,0,0,NA,0,0,NA,0,100,"",0,NA,0,NA,NA,0,NA,NA,NA,"06W",386504,7547191,NA,NA,20130919,NA,NA,NA,2013,2,NA,"Picea glauca",0,"Brooks_AT_6_57",0,0,256
"Brooks","Picea glauca","AT",5,"50",28.26,"SS","nonex",NA,27,80,75,5,0,20,0,0,NA,0,0,NA,0,100,"",0,NA,0,NA,NA,0,NA,NA,NA,"06W",386496,7547151,NA,NA,20130919,NA,NA,NA,2013,2,NA,"Picea glauca",0,"Brooks_AT_5_50",1,1,256
"Brooks","Picea glauca","AT",5,"42",23.79,"CN","nonex",NA,50,90,70,20,0,20,0,0,NA,0,0,NA,0,110,"",0,NA,0,NA,NA,0,NA,NA,NA,"06W",386496,7547151,NA,NA,20130919,NA,NA,NA,2013,2,NA,"Picea glauca",0,"Brooks_AT_5_42",0,0,256
"Brooks","Picea glauca","AT",5,"41",23.64,"CN","nonex",NA,50,90,30,60,0,10,0,0,NA,0,0,NA,0,100,"",0,NA,0,NA,NA,0,NA,NA,NA,"06W",386496,7547151,NA,NA,20130919,NA,NA,NA,2013,2,NA,"Picea glauca",0,"Brooks_AT_5_41",0,0,256
"Brooks","Picea glauca","AT",5,"48",27.27,"SS","nonex",NA,27,91,90,1,0,9,0,0,NA,0,0,NA,0,100,"",0,NA,0,NA,NA,0,NA,NA,NA,"06W",386496,7547151,NA,NA,20130919,NA,NA,NA,2013,2,NA,"Picea glauca",0,"Brooks_AT_5_48",1,1,256
"Brooks","Picea glauca","AT",5,"45",25.53,"SC","nonex",NA,27,90,75,15,0,10,0,0,NA,0,0,NA,0,100,"",0,NA,0,NA,NA,0,NA,NA,NA,"06W",386496,7547151,NA,NA,20130919,NA,NA,NA,2013,2,NA,"Picea glauca",0,"Brooks_AT_5_45",0,1,256
"Brooks","Picea glauca","AT",5,"43",24.46,"SD","nonex",NA,50,80,40,40,0,20,0,0,NA,0,0,NA,0,100,"",0,NA,0,NA,NA,0,NA,NA,NA,"06W",386496,7547151,NA,NA,20130919,NA,NA,NA,2013,2,NA,"Picea glauca",0,"Brooks_AT_5_43",1,0,256
"Brooks","Picea glauca","AT",6,"59",33.23,"SD","nonex",NA,21,90,85,5,0,10,0,0,NA,0,0,NA,0,100,"",0,NA,0,NA,NA,0,NA,NA,NA,"06W",386504,7547191,NA,NA,20130919,NA,NA,NA,2013,2,NA,"Picea glauca",0,"Brooks_AT_6_59",1,0,256
"Brooks","Picea glauca","AT",6,"52",30.15,"SC","nonex",NA,24,95,75,20,0,5,0,0,NA,0,0,NA,0,100,"",0,NA,0,NA,NA,0,NA,NA,NA,"06W",386504,7547191,NA,NA,20130919,NA,NA,NA,2013,2,NA,"Picea glauca",0,"Brooks_AT_6_52",0,1,256
"Brooks","Picea glauca","AT",6,"54",31.45,"SS","nonex",NA,26,85,45,40,0,15,0,0,NA,0,0,NA,0,100,"",0,NA,0,NA,NA,0,NA,NA,NA,"06W",386504,7547191,NA,NA,20130919,NA,NA,NA,2013,2,NA,"Picea glauca",0,"Brooks_AT_6_54",1,1,256
"Brooks","Picea glauca","AT",6,"55",31.58,"CN","nonex",NA,29,95,65,30,0,5,0,0,NA,0,0,NA,0,100,"",0,NA,0,NA,NA,0,NA,NA,NA,"06W",386504,7547191,NA,NA,20130919,NA,NA,NA,2013,2,NA,"Picea glauca",0,"Brooks_AT_6_55",0,0,256
"Brooks","Picea glauca","AT",5,"44",24.75,"SD","nonex",NA,23,90,70,20,0,10,0,0,NA,0,0,NA,0,100,"",0,NA,0,NA,NA,0,NA,NA,NA,"06W",386496,7547151,NA,NA,20130919,NA,NA,NA,2013,2,NA,"Picea glauca",0,"Brooks_AT_5_44",1,0,256
"Brooks","Picea glauca","AT",6,"53",30.6,"SC","nonex",NA,15,90,75,15,0,10,0,0,NA,0,0,NA,0,100,"",0,NA,0,NA,NA,0,NA,NA,NA,"06W",386504,7547191,NA,NA,20130919,NA,NA,NA,2013,2,NA,"Picea glauca",0,"Brooks_AT_6_53",0,1,256
"Brooks","Picea glauca","AT",6,"56",31.93,"SC","nonex",NA,50,95,90,5,0,5,0,0,NA,0,0,NA,0,100,"",0,NA,0,NA,NA,0,NA,NA,NA,"06W",386504,7547191,NA,NA,20130919,NA,NA,NA,2013,2,NA,"Picea glauca",0,"Brooks_AT_6_56",0,1,256
"Brooks","Picea glauca","AT",5,"49",27.54,"SC","nonex",NA,24,95,70,25,5,0,0,0,NA,0,0,NA,0,100,"",0,NA,0,NA,NA,0,NA,NA,NA,"06W",386496,7547151,NA,NA,20130919,NA,NA,NA,2013,2,NA,"Picea glauca",0,"Brooks_AT_5_49",0,1,256
"Brooks","Picea glauca","AT",6,"58",33.05,"SD","nonex",NA,25,80,70,10,0,20,0,0,NA,0,0,NA,0,100,"",0,NA,0,NA,NA,0,NA,NA,NA,"06W",386504,7547191,NA,NA,20130919,NA,NA,NA,2013,2,NA,"Picea glauca",0,"Brooks_AT_6_58",1,0,256
"Brooks","Picea glauca","AT",6,"51",29.18,"SS","nonex",NA,24,90,30,60,0,10,0,0,NA,0,0,NA,0,100,"",0,NA,0,NA,NA,0,NA,NA,NA,"06W",386504,7547191,NA,NA,20130919,NA,NA,NA,2013,2,NA,"Picea glauca",0,"Brooks_AT_6_51",1,1,256
"Brooks","Picea glauca","AT",5,"47",27.09,"SD","nonex",NA,24,70,50,20,0,30,0,0,NA,0,0,NA,0,100,"",0,NA,0,NA,NA,0,NA,NA,NA,"06W",386496,7547151,NA,NA,20130919,NA,NA,NA,2013,2,NA,"Picea glauca",0,"Brooks_AT_5_47",1,0,256
"Brooks","Picea glauca","AT",6,"60",33.49,"SS","nonex",NA,14,90,80,10,0,10,0,0,NA,0,0,NA,0,100,"",0,NA,0,NA,NA,0,NA,NA,NA,"06W",386504,7547191,NA,NA,20130919,NA,NA,NA,2013,2,NA,"Picea glauca",0,"Brooks_AT_6_60",1,1,256
"Brooks","Picea glauca","AT",5,"46",26.29,"CN","nonex",NA,29,90,50,40,0,10,0,0,NA,0,0,NA,0,100,"",0,NA,0,NA,NA,0,NA,NA,NA,"06W",386496,7547151,NA,NA,20130919,NA,NA,NA,2013,2,NA,"Picea glauca",0,"Brooks_AT_5_46",0,0,256
"Davos","Picea abies","AT",NA,"p160",NA,"CN","nonex",NA,7,15,10,5,5,NA,5,NA,NA,NA,NA,10,NA,35,NA,0,NA,0,NA,NA,0,0,NA,NA,NA,NA,NA,NA,NA,20140625,NA,NA,"high",2013,NA,"p160_20140625","Larix decidua",0,"Davos_AT_NA_p160",0,0,200
"Davos","Picea abies","AT",NA,"p149",NA,"CN","nonex",NA,7,15,10,5,15,NA,5,NA,NA,NA,NA,5,NA,40,NA,0,NA,0,NA,NA,0,0,NA,NA,NA,NA,NA,NA,NA,20140625,NA,NA,"high",2013,NA,"p149_20140625","Picea abies",0,"Davos_AT_NA_p149",0,0,200
"Davos","Picea abies","AT",NA,"p150",NA,"CN","nonex",NA,7,5,5,0,20,NA,35,NA,NA,NA,NA,10,NA,70,NA,0,NA,0,NA,NA,0,0,NA,NA,NA,NA,NA,NA,NA,20140625,NA,NA,"high",2013,NA,"p150_20140625","Picea abies",0,"Davos_AT_NA_p150",0,0,200
"Davos","Picea abies","AT",NA,"p149",NA,"CN","nonex",NA,7,15,10,5,15,NA,5,NA,NA,NA,NA,5,NA,40,NA,0,NA,0,NA,NA,0,0,NA,NA,NA,NA,NA,NA,NA,20140625,NA,NA,"high",2013,NA,"p149_20140625","Larix decidua",0,"Davos_AT_NA_p149",0,0,200
"Davos","Picea abies","AT",NA,"p160",NA,"CN","nonex",NA,7,15,10,5,5,NA,5,NA,NA,NA,NA,10,NA,35,NA,0,NA,0,NA,NA,0,0,NA,NA,NA,NA,NA,NA,NA,20140625,NA,NA,"high",2013,NA,"p160_20140625","Picea abies",0,"Davos_AT_NA_p160",0,0,200
"Davos","Picea abies","AT",NA,"p150",NA,"CN","nonex",NA,7,5,5,0,20,NA,35,NA,NA,NA,NA,10,NA,70,NA,0,NA,0,NA,NA,0,0,NA,NA,NA,NA,NA,NA,NA,20140625,NA,NA,"high",2013,NA,"p150_20140625","Larix decidua",0,"Davos_AT_NA_p150",0,0,200
"Davos","Picea abies","AT",NA,"p148",NA,"CN","nonex",NA,7,35,30,5,0,NA,5,NA,NA,NA,NA,5,NA,45,NA,0,NA,0,NA,NA,0,0,NA,NA,NA,NA,NA,NA,NA,20140625,NA,NA,"high",2013,NA,"p148_20140625","Picea abies",0,"Davos_AT_NA_p148",0,0,200
"Davos","Picea abies","AT",NA,"p148",NA,"CN","nonex",NA,7,35,30,5,0,NA,5,NA,NA,NA,NA,5,NA,45,NA,0,NA,0,NA,NA,0,0,NA,NA,NA,NA,NA,NA,NA,20140625,NA,NA,"high",2013,NA,"p148_20140625","Larix decidua",0,"Davos_AT_NA_p148",0,0,200
"Davos","Picea abies","AT",NA,"p157",NA,"CN","nonex",NA,7,20,5,15,25,NA,5,NA,NA,NA,NA,20,NA,70,NA,0,NA,0,NA,NA,0,0,NA,NA,NA,NA,NA,NA,NA,20140625,NA,NA,"high",2013,NA,"p157_20140625","Larix decidua",0,"Davos_AT_NA_p157",0,0,200
"Davos","Picea abies","AT",NA,"p146",NA,"SC","nonex",NA,7,30,25,5,5,NA,15,NA,NA,NA,NA,30,NA,80,NA,0,NA,0,NA,NA,0,0,NA,NA,NA,NA,NA,NA,NA,20140625,NA,NA,"high",2013,NA,"p146_20140625","Larix decidua",0,"Davos_AT_NA_p146",0,1,200
"Davos","Picea abies","AT",NA,"p157",NA,"CN","nonex",NA,7,20,5,15,25,NA,5,NA,NA,NA,NA,20,NA,70,NA,0,NA,0,NA,NA,0,0,NA,NA,NA,NA,NA,NA,NA,20140625,NA,NA,"high",2013,NA,"p157_20140625","Picea abies",0,"Davos_AT_NA_p157",0,0,200
"Davos","Picea abies","AT",NA,"p143",NA,"SC","nonex",NA,7,35,30,5,0,NA,5,NA,NA,NA,NA,10,NA,50,NA,0,NA,0,NA,NA,0,0,NA,NA,NA,NA,NA,NA,NA,20140625,NA,NA,"high",2013,NA,"p143_20140625","Larix decidua",0,"Davos_AT_NA_p143",0,1,200
"Davos","Picea abies","AT",NA,"p143",NA,"SC","nonex",NA,7,35,30,5,0,NA,5,NA,NA,NA,NA,10,NA,50,NA,0,NA,0,NA,NA,0,0,NA,NA,NA,NA,NA,NA,NA,20140625,NA,NA,"high",2013,NA,"p143_20140625","Picea abies",0,"Davos_AT_NA_p143",0,1,200
"Davos","Picea abies","AT",NA,"p146",NA,"SC","nonex",NA,7,30,25,5,5,NA,15,NA,NA,NA,NA,30,NA,80,NA,0,NA,0,NA,NA,0,0,NA,NA,NA,NA,NA,NA,NA,20140625,NA,NA,"high",2013,NA,"p146_20140625","Picea abies",0,"Davos_AT_NA_p146",0,1,200
"Davos","Picea abies","AT",NA,"p156",NA,"SD","nonex",NA,7,15,10,5,0,NA,15,NA,NA,NA,NA,15,NA,45,NA,0,NA,0,NA,NA,0,0,NA,NA,NA,NA,NA,NA,NA,20130716,NA,NA,"high",2013,NA,"p156_20130716","Larix decidua",0,"Davos_AT_NA_p156",1,0,200
"Davos","Picea abies","AT",NA,"p145",NA,"SC","nonex",NA,7,15,5,10,5,NA,25,NA,NA,NA,NA,20,NA,65,NA,0,NA,0,NA,NA,0,0,NA,NA,NA,NA,NA,NA,NA,20140625,NA,NA,"high",2013,NA,"p145_20140625","Larix decidua",0,"Davos_AT_NA_p145",0,1,200
"Davos","Picea abies","AT",NA,"p145",NA,"SC","nonex",NA,7,15,5,10,5,NA,25,NA,NA,NA,NA,20,NA,65,NA,0,NA,0,NA,NA,0,0,NA,NA,NA,NA,NA,NA,NA,20140625,NA,NA,"high",2013,NA,"p145_20140625","Picea abies",0,"Davos_AT_NA_p145",0,1,200
"Davos","Picea abies","AT",NA,"p142",NA,"SS","nonex",NA,7,25,20,5,5,NA,5,NA,NA,NA,NA,10,NA,45,NA,0,NA,0,NA,NA,0,0,NA,NA,NA,NA,NA,NA,NA,20130716,NA,NA,"high",2013,NA,"p142_20130716","Larix decidua",0,"Davos_AT_NA_p142",1,1,200
"Davos","Picea abies","AT",NA,"p142",NA,"SS","nonex",NA,7,25,20,5,5,NA,5,NA,NA,NA,NA,10,NA,45,NA,0,NA,0,NA,NA,0,0,NA,NA,NA,NA,NA,NA,NA,20130716,NA,NA,"high",2013,NA,"p142_20130716","Picea abies",0,"Davos_AT_NA_p142",1,1,200
"Davos","Picea abies","AT",NA,"p144",NA,"SS","nonex",NA,7,20,15,5,0,NA,10,NA,NA,NA,NA,10,NA,40,NA,0,NA,0,NA,NA,0,0,NA,NA,NA,NA,NA,NA,NA,20130716,NA,NA,"high",2013,NA,"p144_20130716","Larix decidua",0,"Davos_AT_NA_p144",1,1,200
"Davos","Picea abies","AT",NA,"p144",NA,"SS","nonex",NA,7,20,15,5,0,NA,10,NA,NA,NA,NA,10,NA,40,NA,0,NA,0,NA,NA,0,0,NA,NA,NA,NA,NA,NA,NA,20130716,NA,NA,"high",2013,NA,"p144_20130716","Picea abies",0,"Davos_AT_NA_p144",1,1,200
"Davos","Picea abies","AT",NA,"p151",NA,"SS","nonex",NA,7,25,20,5,10,NA,10,NA,NA,NA,NA,10,NA,55,NA,0,NA,0,NA,NA,0,0,NA,NA,NA,NA,NA,NA,NA,20130716,NA,NA,"high",2013,NA,"p151_20130716","Larix decidua",0,"Davos_AT_NA_p151",1,1,200
"Davos","Picea abies","AT",NA,"p151",NA,"SS","nonex",NA,7,25,20,5,10,NA,10,NA,NA,NA,NA,10,NA,55,NA,0,NA,0,NA,NA,0,0,NA,NA,NA,NA,NA,NA,NA,20130716,NA,NA,"high",2013,NA,"p151_20130716","Picea abies",0,"Davos_AT_NA_p151",1,1,200
"Davos","Picea abies","AT",NA,"p155",NA,"SC","nonex",NA,7,15,5,10,0,NA,5,NA,NA,NA,NA,15,NA,35,NA,0,NA,0,NA,NA,0,0,NA,NA,NA,NA,NA,NA,NA,20140625,NA,NA,"high",2013,NA,"p155_20140625","Larix decidua",0,"Davos_AT_NA_p155",0,1,200
"Davos","Picea abies","AT",NA,"p155",NA,"SC","nonex",NA,7,15,5,10,0,NA,5,NA,NA,NA,NA,15,NA,35,NA,0,NA,0,NA,NA,0,0,NA,NA,NA,NA,NA,NA,NA,20140625,NA,NA,"high",2013,NA,"p155_20140625","Picea abies",0,"Davos_AT_NA_p155",0,1,200
"Davos","Picea abies","AT",NA,"p156",NA,"SD","nonex",NA,7,15,10,5,0,NA,15,NA,NA,NA,NA,15,NA,45,NA,0,NA,0,NA,NA,0,0,NA,NA,NA,NA,NA,NA,NA,20130716,NA,NA,"high",2013,NA,"p156_20130716","Picea abies",0,"Davos_AT_NA_p156",1,0,200
"Davos","Picea abies","AT",NA,"p158",NA,"SC","nonex",NA,7,25,20,5,5,NA,5,NA,NA,NA,NA,10,NA,45,NA,0,NA,0,NA,NA,0,0,NA,NA,NA,NA,NA,NA,NA,20140625,NA,NA,"high",2013,NA,"p158_20140625","Larix decidua",0,"Davos_AT_NA_p158",0,1,200
"Davos","Picea abies","AT",NA,"p158",NA,"SC","nonex",NA,7,25,20,5,5,NA,5,NA,NA,NA,NA,10,NA,45,NA,0,NA,0,NA,NA,0,0,NA,NA,NA,NA,NA,NA,NA,20140625,NA,NA,"high",2013,NA,"p158_20140625","Picea abies",0,"Davos_AT_NA_p158",0,1,200
"Davos","Picea abies","AT",NA,"p147",NA,"SD","nonex",NA,7,20,5,15,10,NA,5,NA,NA,NA,NA,20,NA,55,NA,0,NA,0,NA,NA,0,0,NA,NA,NA,NA,NA,NA,NA,20130716,NA,NA,"high",2013,NA,"p147_20130716","Larix decidua",0,"Davos_AT_NA_p147",1,0,200
"Davos","Picea abies","AT",NA,"p147",NA,"SD","nonex",NA,7,20,5,15,10,NA,5,NA,NA,NA,NA,20,NA,55,NA,0,NA,0,NA,NA,0,0,NA,NA,NA,NA,NA,NA,NA,20130716,NA,NA,"high",2013,NA,"p147_20130716","Picea abies",0,"Davos_AT_NA_p147",1,0,200
"Davos","Picea abies","AT",NA,"p152",NA,"SD","nonex",NA,7,25,15,10,5,NA,5,NA,NA,NA,NA,10,NA,45,NA,0,NA,0,NA,NA,0,0,NA,NA,NA,NA,NA,NA,NA,20130716,NA,NA,"high",2013,NA,"p152_20130716","Larix decidua",0,"Davos_AT_NA_p152",1,0,200
"Davos","Picea abies","AT",NA,"p152",NA,"SD","nonex",NA,7,25,15,10,5,NA,5,NA,NA,NA,NA,10,NA,45,NA,0,NA,0,NA,NA,0,0,NA,NA,NA,NA,NA,NA,NA,20130716,NA,NA,"high",2013,NA,"p152_20130716","Picea abies",0,"Davos_AT_NA_p152",1,0,200
"Davos","Picea abies","AT",NA,"p153",NA,"SD","nonex",NA,7,10,5,5,0,NA,10,NA,NA,NA,NA,10,NA,30,NA,0,NA,0,NA,NA,0,0,NA,NA,NA,NA,NA,NA,NA,20130716,NA,NA,"high",2013,NA,"p153_20130716","Larix decidua",0,"Davos_AT_NA_p153",1,0,200
"Davos","Picea abies","AT",NA,"p153",NA,"SD","nonex",NA,7,10,5,5,0,NA,10,NA,NA,NA,NA,10,NA,30,NA,0,NA,0,NA,NA,0,0,NA,NA,NA,NA,NA,NA,NA,20130716,NA,NA,"high",2013,NA,"p153_20130716","Picea abies",0,"Davos_AT_NA_p153",1,0,200
"Davos","Picea abies","AT",NA,"p159",NA,"SS","nonex",NA,7,35,30,5,5,NA,15,NA,NA,NA,NA,10,NA,65,NA,0,NA,0,NA,NA,0,0,NA,NA,NA,NA,NA,NA,NA,20130716,NA,NA,"high",2013,NA,"p159_20130716","Larix decidua",0,"Davos_AT_NA_p159",1,1,200
"Davos","Picea abies","AT",NA,"p159",NA,"SS","nonex",NA,7,35,30,5,5,NA,15,NA,NA,NA,NA,10,NA,65,NA,0,NA,0,NA,NA,0,0,NA,NA,NA,NA,NA,NA,NA,20130716,NA,NA,"high",2013,NA,"p159_20130716","Picea abies",0,"Davos_AT_NA_p159",1,1,200
"Davos","Picea abies","AT",NA,"p141",NA,"SD","nonex",NA,7,25,20,5,0,NA,10,NA,NA,NA,NA,20,NA,55,NA,0,NA,0,NA,NA,0,0,NA,NA,NA,NA,NA,NA,NA,20130716,NA,NA,"high",2013,NA,"p141_20130716","Larix decidua",0,"Davos_AT_NA_p141",1,0,200
"Davos","Picea abies","AT",NA,"p141",NA,"SD","nonex",NA,7,25,20,5,0,NA,10,NA,NA,NA,NA,20,NA,55,NA,0,NA,0,NA,NA,0,0,NA,NA,NA,NA,NA,NA,NA,20130716,NA,NA,"high",2013,NA,"p141_20130716","Picea abies",0,"Davos_AT_NA_p141",1,0,200
"Davos","Picea abies","AT",NA,"p154",NA,"SS","nonex",NA,7,25,10,15,10,NA,5,NA,NA,NA,NA,5,NA,45,NA,0,NA,0,NA,NA,0,0,NA,NA,NA,NA,NA,NA,NA,20130716,NA,NA,"high",2013,NA,"p154_20130716","Larix decidua",0,"Davos_AT_NA_p154",1,1,200
"Davos","Picea abies","AT",NA,"p154",NA,"SS","nonex",NA,7,25,10,15,10,NA,5,NA,NA,NA,NA,5,NA,45,NA,0,NA,0,NA,NA,0,0,NA,NA,NA,NA,NA,NA,NA,20130716,NA,NA,"high",2013,NA,"p154_20130716","Picea abies",0,"Davos_AT_NA_p154",1,1,200
"Las Cutas","Pinus uncinata","AT",1,"5",4.33,"CN","nonex",NA,NA,0,0,0,0,20,10,10,0,NA,60,NA,NA,100,NA,0,NA,0,NA,NA,0,0,NA,NA,NA,NA,NA,"Label plot 313",NA,NA,NA,NA,NA,2013,2,NA,"Pinus uncinata",0,"Las Cutas_AT_1_5",0,0,300
"Las Cutas","Pinus uncinata","AT",1,"7",7.1,"CN","nonex",NA,6.6,5,0,5,0,15,25,15,1,NA,39,NA,NA,100,NA,0,NA,0,NA,NA,0,0,NA,NA,NA,NA,NA,"Label plot 797",NA,NA,NA,NA,NA,2013,2,NA,"Pinus uncinata",0,"Las Cutas_AT_1_7",0,0,300
"Las Cutas","Pinus uncinata","AT",1,"10",9.7,"CN","nonex",NA,3.8,0,0,0,0,10,25,20,1,NA,44,NA,NA,100,NA,0,NA,0,NA,NA,0,0,1,NA,NA,NA,NA,NA,NA,NA,NA,NA,NA,2013,2,NA,"Pinus uncinata",0,"Las Cutas_AT_1_10",0,0,300
"Las Cutas","Pinus uncinata","AT",1,"15",15.1,"CN","nonex",NA,7,0,0,0,0,20,10,30,0,NA,40,NA,NA,100,NA,0,NA,0,NA,NA,0,0,NA,NA,NA,NA,NA,"Label plot 708",NA,NA,NA,NA,NA,2013,2,NA,"Pinus uncinata",0,"Las Cutas_AT_1_15",0,0,300
"Las Cutas","Pinus uncinata","AT",1,"17",17.4,"CN","nonex",NA,NA,5,5,0,0,10,20,15,1,NA,49,NA,NA,100,NA,0,NA,0,NA,NA,0,0,NA,NA,NA,NA,NA,"Label plot 792",NA,NA,NA,NA,NA,2013,2,NA,"Pinus uncinata",0,"Las Cutas_AT_1_17",0,0,300
"Las Cutas","Pinus uncinata","AT",1,"11",11.1,"SC","nonex",NA,NA,0,0,0,0,10,35,20,10,NA,25,NA,NA,100,NA,0,NA,0,NA,NA,0,0,NA,NA,NA,NA,NA,NA,NA,NA,NA,NA,NA,2013,2,NA,"Pinus uncinata",0,"Las Cutas_AT_1_11",0,1,300
"Las Cutas","Pinus uncinata","AT",1,"13",13.3,"SC","nonex",NA,NA,0,0,0,0,5,40,25,5,NA,25,NA,NA,100,NA,0,NA,0,NA,NA,0,0,NA,NA,NA,NA,NA,NA,NA,NA,NA,NA,NA,2013,2,NA,"Pinus uncinata",0,"Las Cutas_AT_1_13",0,1,300
"Las Cutas","Pinus uncinata","AT",1,"16",16.3,"SC","nonex",NA,NA,0,0,0,0,20,50,10,1,NA,19,NA,NA,100,NA,0,NA,0,NA,NA,0,0,NA,NA,NA,NA,NA,"Label plot 705",NA,NA,NA,NA,NA,2013,2,NA,"Pinus uncinata",0,"Las Cutas_AT_1_16",0,1,300
"Las Cutas","Pinus uncinata","AT",1,"18",18.4,"SC","nonex",NA,NA,0,0,0,0,20,15,15,1,NA,49,NA,NA,100,NA,0,NA,0,NA,NA,0,0,NA,NA,NA,NA,NA,"Label plot 706",NA,NA,NA,NA,NA,2013,2,NA,"Pinus uncinata",0,"Las Cutas_AT_1_18",0,1,300
"Las Cutas","Pinus uncinata","AT",1,"20",20.2,"SC","nonex",NA,5.5,0,0,0,0,5,30,15,10,NA,40,NA,NA,100,NA,0,NA,0,NA,NA,0,0,NA,NA,NA,NA,NA,"Label plot 701",NA,NA,NA,NA,NA,2013,2,NA,"Pinus uncinata",0,"Las Cutas_AT_1_20",0,1,300
"Las Cutas","Pinus uncinata","AT",1,"2",1.62,"SD","ex",NA,NA,5,5,0,0,30,20,10,1,NA,34,NA,NA,100,NA,0,NA,0,NA,NA,7,25,NA,NA,NA,NA,NA,"Exclusion from herbivores with mesh cage (mesh size 0.5 cm)",NA,NA,NA,NA,NA,2013,2,NA,"Pinus uncinata",7,"Las Cutas_AT_1_2",1,0,300
"Las Cutas","Pinus uncinata","AT",1,"3",2.7,"SD","nonex",NA,7.2,0,0,0,0,30,10,10,1,NA,49,NA,NA,100,NA,0,NA,0,NA,NA,0,2,NA,NA,NA,NA,NA,NA,NA,NA,NA,NA,NA,2013,2,NA,"Pinus uncinata",0,"Las Cutas_AT_1_3",1,0,300
"Las Cutas","Pinus uncinata","AT",1,"9",8.9,"SD","ex",NA,NA,0,0,0,0,10,20,15,1,NA,54,NA,NA,100,NA,0,NA,0,NA,NA,1,7,NA,NA,NA,NA,NA,"Exclusion from herbivores with mesh cage (mesh size 0.5 cm)",NA,NA,NA,NA,NA,2013,2,NA,"Pinus uncinata",1,"Las Cutas_AT_1_9",1,0,300
"Las Cutas","Pinus uncinata","AT",1,"14",14.5,"SD","nonex",NA,NA,0,0,0,0,20,5,10,10,NA,55,NA,NA,100,NA,0,NA,0,NA,NA,0,1,NA,NA,NA,NA,NA,NA,NA,NA,NA,NA,NA,2013,2,NA,"Pinus uncinata",0,"Las Cutas_AT_1_14",1,0,300
"Las Cutas","Pinus uncinata","AT",1,"19",19.1,"SD","nonex",NA,NA,0,0,0,0,15,25,35,0,NA,25,NA,NA,100,NA,0,NA,0,NA,NA,0,2,NA,NA,NA,NA,NA,"Label plot 795",NA,NA,NA,NA,NA,2013,2,NA,"Pinus uncinata",0,"Las Cutas_AT_1_19",1,0,300
"Las Cutas","Pinus uncinata","AT",1,"1",1,"SS","ex",NA,6.1,0,0,0,0,30,10,5,1,NA,54,NA,NA,100,NA,0,NA,0,NA,NA,4,15,NA,NA,NA,NA,NA,"Exclusion from herbivores with mesh cage (mesh size 0.5 cm)",NA,NA,NA,NA,NA,2013,2,NA,"Pinus uncinata",4,"Las Cutas_AT_1_1",1,1,300
"Las Cutas","Pinus uncinata","AT",1,"4",3.58,"SS","nonex",NA,NA,5,0,5,0,10,50,5,1,NA,29,NA,NA,100,NA,0,NA,0,NA,NA,0,6,NA,NA,NA,NA,NA,NA,NA,NA,NA,NA,NA,2013,2,NA,"Pinus uncinata",0,"Las Cutas_AT_1_4",1,1,300
"Las Cutas","Pinus uncinata","AT",1,"6",6.1,"SS","ex",NA,NA,0,0,0,0,20,15,10,1,NA,54,NA,NA,100,NA,0,NA,0,NA,NA,0,0,NA,NA,NA,NA,NA,"Exclusion from herbivores with mesh cage (mesh size 0.5 cm)",NA,NA,NA,NA,NA,2013,2,NA,"Pinus uncinata",0,"Las Cutas_AT_1_6",1,1,300
"Las Cutas","Pinus uncinata","AT",1,"8",7.9,"SS","nonex",NA,NA,0,0,0,0,15,5,20,1,NA,59,NA,NA,100,NA,0,NA,0,NA,NA,0,2,NA,NA,NA,NA,NA,NA,NA,NA,NA,NA,NA,2013,2,NA,"Pinus uncinata",0,"Las Cutas_AT_1_8",1,1,300
"Las Cutas","Pinus uncinata","AT",1,"12",12.4,"SS","nonex",NA,NA,5,0,5,0,25,45,10,1,NA,14,NA,NA,100,NA,0,NA,0,NA,NA,0,0,NA,NA,NA,NA,NA,"Label plot 702",NA,NA,NA,NA,NA,2013,2,NA,"Pinus uncinata",0,"Las Cutas_AT_1_12",1,1,300
"Mount Roberts, AK","Picea sitchensis","AT",1,"1",2,"SD","nonex",NA,1,60,60,0,0,0.5,30,10,NA,0,0,NA,0,100,NA,0,NA,0,NA,NA,11,3,NA,NA,"8V",537151.5,6461609.9,NA,NA,NA,"","Note: this is not a well-developed organic horizon, it is pretty weak, yet can be differentiated from the lower mineral horizon",NA,2013,2,NA,"Picea sitchensis",11,"Mount Roberts, AK_AT_1_1",1,0,60
"Mount Roberts, AK","Picea sitchensis","AT",1,"2",5,"SC","nonex",NA,0.25,10,10,0,5,15,55,15,NA,0,0,NA,0,100,NA,0,NA,0,NA,NA,0,0,NA,NA,"8V",537151.5,6461609.9,NA,NA,NA,NA,NA,NA,2013,2,NA,"Picea sitchensis",0,"Mount Roberts, AK_AT_1_2",0,1,60
"Mount Roberts, AK","Picea sitchensis","AT",1,"3",9,"SD","nonex",NA,1.5,80,70,10,0,0.5,10,10,NA,0,0,NA,0,100,NA,0,NA,0,NA,NA,5,4,NA,NA,"8V",537151.5,6461609.9,NA,NA,NA,NA,"Yellow means that data is being confirmed on 9/19/15",NA,2013,2,NA,"Picea sitchensis",5,"Mount Roberts, AK_AT_1_3",1,0,60
"Mount Roberts, AK","Picea sitchensis","AT",1,"4",10,"SC","nonex",NA,0.25,45,40,5,10,10,15,20,NA,0,0,NA,0,100,NA,0,NA,0,NA,NA,0,0,NA,NA,"8V",537151.5,6461609.9,NA,NA,NA,NA,NA,NA,2013,2,NA,"Picea sitchensis",0,"Mount Roberts, AK_AT_1_4",0,1,60
"Mount Roberts, AK","Picea sitchensis","AT",1,"5",15,"CN","nonex",NA,0.5,60,40,20,0,0.5,0,40,NA,0,0,NA,0,100,NA,0,NA,0,NA,NA,0,0,NA,NA,"8V",537151.5,6461609.9,NA,NA,NA,NA,NA,NA,2013,2,NA,"Picea sitchensis",0,"Mount Roberts, AK_AT_1_5",0,0,60
"Mount Roberts, AK","Picea sitchensis","AT",1,"6",18,"SS","nonex",NA,0.5,20,10,10,10,15,0,55,NA,0,0,NA,0,100,NA,0,NA,0,NA,NA,7,7,NA,NA,"8V",537151.5,6461609.9,NA,NA,NA,NA,NA,NA,2013,2,NA,"Picea sitchensis",7,"Mount Roberts, AK_AT_1_6",1,1,60
"Mount Roberts, AK","Picea sitchensis","AT",1,"7",29,"SC","nonex",NA,0.75,65,50,15,5,0.5,15,15,NA,0,0,NA,0,100,NA,0,NA,0,NA,NA,0,0,NA,NA,"8V",537151.5,6461609.9,NA,NA,NA,NA,NA,NA,2013,2,NA,"Picea sitchensis",0,"Mount Roberts, AK_AT_1_7",0,1,60
"Mount Roberts, AK","Picea sitchensis","AT",1,"8",33,"SS","nonex",NA,0.25,65,45,20,5,20,0,10,NA,0,0,NA,0,100,NA,0,NA,0,NA,NA,23,23,NA,NA,"8V",537151.5,6461609.9,NA,NA,NA,NA,NA,NA,2013,2,NA,"Picea sitchensis",23,"Mount Roberts, AK_AT_1_8",1,1,60
"Mount Roberts, AK","Picea sitchensis","AT",1,"9",41,"CN","nonex",NA,1.5,10,10,0,0,0.5,0,90,NA,0,0,NA,0,100,NA,0,NA,0,NA,NA,0,0,NA,NA,"8V",537151.5,6461609.9,NA,NA,NA,NA,NA,NA,2013,2,NA,"Picea sitchensis",0,"Mount Roberts, AK_AT_1_9",0,0,60
"Mount Roberts, AK","Picea sitchensis","AT",1,"10",53,"SD","nonex",NA,1,70,40,30,0,0.5,5,25,NA,0,0,NA,0,100,NA,0,NA,0,NA,NA,0,0,NA,NA,"8V",537151.5,6461609.9,NA,NA,NA,NA,NA,NA,2013,2,NA,"Picea sitchensis",0,"Mount Roberts, AK_AT_1_10",1,0,60
"Mount Roberts, AK","Picea sitchensis","AT",1,"11",55,"SD","nonex",NA,0.75,30,20,10,0,0.5,10,60,NA,0,0,NA,0,100,NA,0,NA,0,NA,NA,0,0,NA,NA,"8V",537151.5,6461609.9,NA,NA,NA,NA,NA,NA,2013,2,NA,"Picea sitchensis",0,"Mount Roberts, AK_AT_1_11",1,0,60
"Mount Roberts, AK","Picea sitchensis","AT",1,"12",56,"SC","nonex",NA,0.25,30,10,20,10,15,25,20,NA,0,0,NA,0,100,NA,0,NA,0,NA,NA,0,0,NA,NA,"8V",537151.5,6461609.9,NA,NA,NA,NA,"The AT has some striving seedlings from the seed experiment.",NA,2013,2,NA,"Picea sitchensis",0,"Mount Roberts, AK_AT_1_12",0,1,60
"Mount Roberts, AK","Picea sitchensis","AT",1,"13",60,"CN","nonex",NA,1.5,75,45,30,0,0.5,0,25,NA,0,0,NA,0,100,NA,0,NA,0,NA,NA,0,0,NA,NA,"8V",537151.5,6461609.9,NA,NA,NA,NA,"Interestingly, the T and the F do not have seedlings that are thriving.",NA,2013,2,NA,"Picea sitchensis",0,"Mount Roberts, AK_AT_1_13",0,0,60
"Mount Roberts, AK","Picea sitchensis","AT",1,"14",64,"SD","nonex",NA,1,70,55,15,0,0.5,15,15,NA,0,0,NA,0,100,NA,0,NA,0,NA,NA,0,0,NA,NA,"8V",537151.5,6461609.9,NA,NA,NA,NA,NA,NA,2013,2,NA,"Picea sitchensis",0,"Mount Roberts, AK_AT_1_14",1,0,60
"Mount Roberts, AK","Picea sitchensis","AT",1,"15",68,"SS","nonex",NA,0.5,40,30,10,10,10,30,10,NA,0,0,NA,0,100,NA,0,NA,0,NA,NA,21,19,NA,NA,"8V",537151.5,6461609.9,NA,NA,NA,NA,NA,NA,2013,2,NA,"Picea sitchensis",21,"Mount Roberts, AK_AT_1_15",1,1,60
"Mount Roberts, AK","Picea sitchensis","AT",1,"16",70,"CN","nonex",NA,0.75,100,60,40,0,0.5,0,0,NA,0,0,NA,0,100,NA,0,NA,0,NA,NA,0,0,NA,NA,"8V",537151.5,6461609.9,NA,NA,NA,NA,NA,NA,2013,2,NA,"Picea sitchensis",0,"Mount Roberts, AK_AT_1_16",0,0,60
"Mount Roberts, AK","Picea sitchensis","AT",1,"17",71,"SS","nonex",NA,0.5,55,30,25,15,10,15,5,NA,0,0,NA,0,100,NA,0,NA,0,NA,NA,5,4,NA,NA,"8V",537151.5,6461609.9,NA,NA,NA,NA,NA,NA,2013,2,NA,"Picea sitchensis",5,"Mount Roberts, AK_AT_1_17",1,1,60
"Mount Roberts, AK","Picea sitchensis","AT",1,"18",73,"CN","nonex",NA,1,70,20,50,0,0.5,0,30,NA,0,0,NA,0,100,NA,0,NA,0,NA,NA,0,0,NA,NA,"8V",537151.5,6461609.9,NA,NA,NA,NA,NA,NA,2013,2,NA,"Picea sitchensis",0,"Mount Roberts, AK_AT_1_18",0,0,60
"Mount Roberts, AK","Picea sitchensis","AT",1,"19",80,"SC","nonex",NA,0.25,45,35,10,15,0.5,15,25,NA,0,0,NA,0,100,NA,0,NA,0,NA,NA,0,0,NA,NA,"8V",537151.5,6461609.9,NA,NA,NA,NA,NA,NA,2013,2,NA,"Picea sitchensis",0,"Mount Roberts, AK_AT_1_19",0,1,60
"Mount Roberts, AK","Picea sitchensis","AT",1,"20",89,"SS","nonex",NA,0.75,45,40,5,10,5,20,20,NA,0,0,NA,0,100,NA,0,NA,0,NA,NA,17,12,NA,NA,"8V",537073.2,6461644.8,NA,NA,NA,NA,NA,NA,2013,2,NA,"Picea sitchensis",17,"Mount Roberts, AK_AT_1_20",1,1,60
"Mt Hotham","Eucalyptus pauciflor","AT",3,"3",6.7,"CN","nonex",NA,20,1,0,1,1,2,1,30,NA,40,25,NA,NA,100,NA,0,NA,0,NA,NA,0,NA,NA,NA,"55H",511110.34,5907527.9,"T3 P3",NA,20140412,"20150115",NA,NA,2014,1,NA,"Eucalyptus pauciflor",0,"Mt Hotham_AT_3_3",0,0,100
"Mt Hotham","Eucalyptus pauciflor","AT",3,"4",10,"SC","nonex",NA,20,1,0,1,0,5,0,25,NA,10,70,NA,NA,111,NA,0,NA,0,NA,NA,0,NA,NA,NA,"55H",511110.34,5907527.9,"T3 P4",NA,20140412,"20150115",NA,NA,2014,1,NA,"Eucalyptus pauciflor",0,"Mt Hotham_AT_3_4",0,1,100
"Mt Hotham","Eucalyptus pauciflor","AT",1,"1",0.8,"CN","nonex",NA,15,3,1,2,5,2,1,0,NA,5,90,NA,NA,106,NA,0,NA,0,NA,NA,0,NA,NA,NA,"55H",511121.14,5907472.42,"T1 P1",NA,20140412,"20150115",NA,NA,2014,1,NA,"Eucalyptus pauciflor",0,"Mt Hotham_AT_1_1",0,0,100
"Mt Hotham","Eucalyptus pauciflor","AT",1,"2",2,"SC","nonex",NA,15,1,0,1,40,10,1,0,NA,1,50,NA,NA,103,NA,0,NA,0,NA,NA,0,NA,NA,NA,"55H",511123.86,5907468.11,"T1 P2",NA,20140412,"20150115",NA,NA,2014,1,NA,"Eucalyptus pauciflor",0,"Mt Hotham_AT_1_2",0,1,100
"Mt Hotham","Eucalyptus pauciflor","AT",1,"3",5.6,"SS","nonex",NA,15,0,0,0,30,5,1,0,NA,5,65,NA,NA,106,NA,0,NA,0,NA,NA,0,NA,NA,NA,"55H",511121.14,5907472.42,"T1 P3",NA,20140412,"20150115",NA,NA,2014,1,NA,"Eucalyptus pauciflor",0,"Mt Hotham_AT_1_3",1,1,100
"Mt Hotham","Eucalyptus pauciflor","AT",1,"4",8.4,"SD","nonex",NA,15,0,0,0,30,2,20,0,NA,10,50,NA,NA,112,NA,0,NA,0,NA,NA,0,NA,NA,NA,"55H",511123.86,5907468.11,"T1 P4",NA,20140412,"20150115",NA,NA,2014,1,NA,"Eucalyptus pauciflor",0,"Mt Hotham_AT_1_4",1,0,100
"Mt Hotham","Eucalyptus pauciflor","AT",2,"1",1.8,"CN","nonex",NA,20,0,0,0,2,5,1,0,NA,10,95,NA,NA,113,NA,0,NA,0,NA,NA,0,NA,NA,NA,"55H",511123.86,5907468.11,"T2 P1",NA,20140412,"20150115",NA,NA,2014,1,NA,"Eucalyptus pauciflor",0,"Mt Hotham_AT_2_1",0,0,100
"Mt Hotham","Eucalyptus pauciflor","AT",2,"2",4,"SS","nonex",NA,20,2,1,1,2,10,1,0,NA,2,95,NA,NA,112,NA,0,NA,0,NA,NA,3,NA,NA,NA,"55H",511121.14,5907472.42,"T2 P2",NA,20140412,"20150115",NA,NA,2014,1,NA,"Eucalyptus pauciflor",3,"Mt Hotham_AT_2_2",1,1,100
"Mt Hotham","Eucalyptus pauciflor","AT",2,"3",8.6,"SD","nonex",NA,20,0,0,0,1,20,1,0,NA,5,75,NA,NA,102,NA,0,NA,0,NA,NA,0,NA,NA,NA,"55H",511123.86,5907468.11,"T2 P3",NA,20140412,"20150115",NA,NA,2014,1,NA,"Eucalyptus pauciflor",0,"Mt Hotham_AT_2_3",1,0,100
"Mt Hotham","Eucalyptus pauciflor","AT",2,"4",11.4,"SC","nonex",NA,20,1,0,1,1,5,0,80,NA,5,10,NA,NA,102,NA,0,NA,0,NA,NA,0,NA,NA,NA,"55H",511121.14,5907472.42,"T2 P4",NA,20140412,"20150115",NA,NA,2014,1,NA,"Eucalyptus pauciflor",0,"Mt Hotham_AT_2_4",0,1,100
"Mt Hotham","Eucalyptus pauciflor","AT",3,"1",1.2,"SD","nonex",NA,20,1,0,1,1,5,1,30,NA,70,5,NA,NA,113,NA,0,NA,0,NA,NA,0,NA,NA,NA,"55H",511110.34,5907527.9,"T3 P1",NA,20140412,"20150115",NA,NA,2014,1,NA,"Eucalyptus pauciflor",0,"Mt Hotham_AT_3_1",1,0,100
"Mt Hotham","Eucalyptus pauciflor","AT",3,"2",5,"SS","nonex",NA,20,1,0,1,1,5,5,35,NA,45,10,NA,NA,102,NA,0,NA,0,NA,NA,0,NA,NA,NA,"55H",511110.34,5907527.9,"T3 P2",NA,20140412,"20150115",NA,NA,2014,1,NA,"Eucalyptus pauciflor",0,"Mt Hotham_AT_3_2",1,1,100
"Mt Hotham","Eucalyptus pauciflor","AT",4,"3",8.2,"SD","nonex",NA,10,1,0,1,0,2,0,60,NA,30,10,NA,NA,103,NA,0,NA,0,NA,NA,0,NA,NA,NA,"55H",511121.18,5907498.31,"T4 P3",NA,20140412,"20150115",NA,NA,2014,1,NA,"Eucalyptus pauciflor",0,"Mt Hotham_AT_4_3",1,0,100
"Mt Hotham","Eucalyptus pauciflor","AT",4,"4",10.4,"SC","nonex",NA,10,1,0,1,5,5,5,50,NA,20,15,NA,NA,101,NA,0,NA,0,NA,NA,0,NA,NA,NA,"55H",511127.82,5907473.96,"T4 P4",NA,20140412,"20150115",NA,NA,2014,1,NA,"Eucalyptus pauciflor",0,"Mt Hotham_AT_4_4",0,1,100
"Mt Hotham","Eucalyptus pauciflor","AT",4,"1",1.7,"SS","nonex",NA,10,1,0,1,5,5,3,10,NA,60,20,NA,NA,104,NA,0,NA,0,NA,NA,0,NA,NA,NA,"55H",511127.82,5907473.96,"T4 P1",NA,20140412,"20150115",NA,NA,2014,1,NA,"Eucalyptus pauciflor",0,"Mt Hotham_AT_4_1",1,1,100
"Mt Hotham","Eucalyptus pauciflor","AT",4,"2",3.7,"CN","nonex",NA,10,1,0,1,1,5,5,0,NA,40,50,NA,NA,102,NA,0,NA,0,NA,NA,0,NA,NA,NA,"55H",511121.18,5907498.31,"T4 P2",NA,20140412,"20150115",NA,NA,2014,1,NA,"Eucalyptus pauciflor",0,"Mt Hotham_AT_4_2",0,0,100
"Mt Hotham","Eucalyptus pauciflor","AT",5,"3",5.6,"SC","nonex",NA,10,1,0,1,1,3,0,15,NA,5,75,NA,NA,100,NA,0,NA,0,NA,NA,0,NA,NA,NA,"55H",511127.82,5907473.96,"T5 P3",NA,20140412,"20150115",NA,NA,2014,1,NA,"Eucalyptus pauciflor",0,"Mt Hotham_AT_5_3",0,1,100
"Mt Hotham","Eucalyptus pauciflor","AT",5,"4",9.2,"SD","nonex",NA,10,1,0,1,0,1,0,50,NA,25,25,NA,NA,102,NA,0,NA,0,NA,NA,0,NA,NA,NA,"55H",511121.18,5907498.31,"T5 P4",NA,20140412,"20150115",NA,NA,2014,1,NA,"Eucalyptus pauciflor",0,"Mt Hotham_AT_5_4",1,0,100
"Mt Hotham","Eucalyptus pauciflor","AT",5,"1",1.7,"SS","nonex",NA,10,1,0,1,5,20,0,0,NA,10,70,NA,NA,106,NA,0,NA,0,NA,NA,0,NA,NA,NA,"55H",511127.82,5907473.96,"T5 P1",NA,20140412,"20150115",NA,NA,2014,1,NA,"Eucalyptus pauciflor",0,"Mt Hotham_AT_5_1",1,1,100
"Mt Hotham","Eucalyptus pauciflor","AT",5,"2",3.7,"CN","nonex",NA,10,1,0,1,0,1,0,40,NA,30,30,NA,NA,102,NA,0,NA,0,NA,NA,0,NA,NA,NA,"55H",511121.18,5907498.31,"T5 P2",NA,20140412,"20150115",NA,NA,2014,1,NA,"Eucalyptus pauciflor",0,"Mt Hotham_AT_5_2",0,0,100
"Ruby Ranges (Printers), YT","Picea glauca","AT",1,"9",5.86,"CN","nonex",NA,13,NA,NA,NA,NA,91,NA,NA,NA,30,NA,50,NA,171,NA,0,NA,0,NA,NA,0,0,NA,NA,"7V",NA,NA,NA,NA,NA,NA,NA,NA,2013,2,NA,"Picea glauca",0,"Ruby Ranges (Printers), YT_AT_1_9",0,0,145
"Ruby Ranges (Printers), YT","Picea glauca","AT",1,"12",7.14,"CN","nonex",NA,13,NA,NA,NA,NA,94,NA,20,NA,30,NA,NA,NA,144,NA,0,NA,0,NA,NA,0,0,NA,NA,"7V",NA,NA,NA,NA,NA,NA,NA,NA,2013,2,NA,"Picea glauca",0,"Ruby Ranges (Printers), YT_AT_1_12",0,0,145
"Ruby Ranges (Printers), YT","Picea glauca","AT",1,"13",8.48,"CN","nonex",NA,7,NA,NA,NA,NA,94,NA,10,NA,5,NA,60,NA,169,NA,0,NA,0,NA,NA,0,0,NA,NA,"7V",NA,NA,NA,NA,NA,NA,NA,NA,2013,2,NA,"Picea glauca",0,"Ruby Ranges (Printers), YT_AT_1_13",0,0,145
"Ruby Ranges (Printers), YT","Picea glauca","AT",1,"22",15.57,"CN","nonex",NA,18.5,NA,NA,NA,NA,97,NA,10,NA,60,NA,NA,NA,167,NA,0,NA,0,NA,NA,0,0,NA,NA,"7V",NA,NA,NA,NA,NA,NA,NA,NA,2013,2,NA,"Picea glauca",0,"Ruby Ranges (Printers), YT_AT_1_22",0,0,145
"Ruby Ranges (Printers), YT","Picea glauca","AT",1,"26",20,"CN","nonex",NA,10.5,NA,NA,NA,NA,96,NA,15,NA,55,NA,NA,NA,166,NA,0,NA,0,NA,NA,0,0,NA,NA,"7V",NA,NA,NA,NA,NA,NA,NA,NA,2013,2,NA,"Picea glauca",0,"Ruby Ranges (Printers), YT_AT_1_26",0,0,145
"Ruby Ranges (Printers), YT","Picea glauca","AT",1,"1",0,"PSC","nonex",NA,19,NA,NA,NA,NA,98,NA,NA,NA,75,NA,20,NA,193,NA,0,NA,0,NA,NA,0,0,NA,NA,"7V",NA,NA,NA,NA,NA,NA,NA,NA,2013,2,NA,"Picea glauca",0,"Ruby Ranges (Printers), YT_AT_1_1",0,1,145
"Ruby Ranges (Printers), YT","Picea glauca","AT",1,"2",0.55,"PSC","nonex",NA,12,NA,NA,NA,NA,95,NA,20,NA,55,NA,5,NA,175,NA,0,NA,0,NA,NA,0,0,NA,NA,"7V",NA,NA,NA,NA,NA,NA,NA,NA,2013,2,NA,"Picea glauca",0,"Ruby Ranges (Printers), YT_AT_1_2",0,1,145
"Ruby Ranges (Printers), YT","Picea glauca","AT",1,"4",1.07,"PSC","nonex",NA,19,NA,NA,NA,NA,95,NA,10,NA,90,NA,10,NA,205,NA,0,NA,0,NA,NA,0,0,NA,NA,"7V",NA,NA,NA,NA,NA,NA,NA,NA,2013,2,NA,"Picea glauca",0,"Ruby Ranges (Printers), YT_AT_1_4",0,1,145
"Ruby Ranges (Printers), YT","Picea glauca","AT",1,"6",2.45,"PSC","nonex",NA,23,NA,NA,NA,NA,97,NA,NA,NA,65,NA,5,NA,167,NA,0,"Picea glauca",1,NA,NA,0,0,NA,NA,"7V",NA,NA,NA,NA,NA,NA,NA,NA,2013,2,NA,"Picea glauca",1,"Ruby Ranges (Printers), YT_AT_1_6",0,1,145
"Ruby Ranges (Printers), YT","Picea glauca","AT",1,"7",4.55,"PSC","nonex",NA,15,NA,NA,NA,NA,98,NA,NA,NA,75,NA,5,NA,178,NA,0,NA,0,NA,NA,0,0,NA,NA,"7V",NA,NA,NA,NA,NA,NA,NA,NA,2013,2,NA,"Picea glauca",0,"Ruby Ranges (Printers), YT_AT_1_7",0,1,145
"Ruby Ranges (Printers), YT","Picea glauca","AT",1,"8",5.06,"PSS","nonex",NA,9,NA,NA,NA,NA,98,NA,NA,NA,80,NA,NA,NA,178,NA,0,NA,0,NA,NA,8,0,NA,NA,"7V",NA,NA,NA,NA,NA,NA,NA,NA,2013,2,NA,"Picea glauca",8,"Ruby Ranges (Printers), YT_AT_1_8",1,1,145
"Ruby Ranges (Printers), YT","Picea glauca","AT",1,"16",10.24,"PSS","nonex",NA,27,NA,NA,NA,NA,96,NA,5,NA,80,NA,NA,NA,181,NA,0,NA,0,NA,NA,12,0,NA,NA,"7V",NA,NA,NA,NA,NA,NA,NA,NA,2013,2,NA,"Picea glauca",12,"Ruby Ranges (Printers), YT_AT_1_16",1,1,145
"Ruby Ranges (Printers), YT","Picea glauca","AT",1,"18",12.1,"PSS","nonex",NA,17.5,5,NA,NA,NA,90,NA,55,NA,30,NA,NA,NA,180,NA,0,NA,0,NA,NA,19,0,NA,NA,"7V",NA,NA,NA,NA,NA,NA,NA,NA,2013,2,NA,"Picea glauca",19,"Ruby Ranges (Printers), YT_AT_1_18",1,1,145
"Ruby Ranges (Printers), YT","Picea glauca","AT",1,"25",19.56,"PSS","nonex",NA,8.5,NA,NA,NA,NA,97,NA,10,NA,65,NA,NA,NA,172,NA,0,NA,0,NA,NA,27,0,NA,NA,"7V",NA,NA,NA,NA,NA,NA,NA,NA,2013,2,NA,"Picea glauca",27,"Ruby Ranges (Printers), YT_AT_1_25",1,1,145
"Ruby Ranges (Printers), YT","Picea glauca","AT",1,"30",21.89,"PSS","nonex",NA,16,NA,NA,NA,NA,96,NA,NA,NA,80,NA,5,NA,181,NA,0,NA,0,NA,NA,13,0,NA,NA,"7V",NA,NA,NA,NA,NA,NA,NA,NA,2013,2,NA,"Picea glauca",13,"Ruby Ranges (Printers), YT_AT_1_30",1,1,145
"Ruby Ranges (Printers), YT","Picea glauca","AT",1,"3",0.92,"SC","nonex",NA,10,3,NA,NA,NA,93,NA,NA,NA,75,NA,5,NA,176,NA,0,NA,0,NA,NA,0,0,NA,NA,"7V",NA,NA,NA,NA,NA,NA,NA,NA,2013,2,NA,"Picea glauca",0,"Ruby Ranges (Printers), YT_AT_1_3",0,1,145
"Ruby Ranges (Printers), YT","Picea glauca","AT",1,"11",6.82,"SC","nonex",NA,13,NA,NA,NA,NA,96,NA,5,NA,80,NA,NA,NA,181,NA,0,NA,0,NA,NA,0,0,NA,NA,"7V",NA,NA,NA,NA,NA,NA,NA,NA,2013,2,NA,"Picea glauca",0,"Ruby Ranges (Printers), YT_AT_1_11",0,1,145
"Ruby Ranges (Printers), YT","Picea glauca","AT",1,"23",18.81,"SC","nonex",NA,11,NA,NA,NA,NA,94,NA,5,NA,85,NA,NA,NA,184,NA,0,NA,0,NA,NA,0,0,NA,NA,"7V",NA,NA,NA,NA,NA,NA,NA,NA,2013,2,NA,"Picea glauca",0,"Ruby Ranges (Printers), YT_AT_1_23",0,1,145
"Ruby Ranges (Printers), YT","Picea glauca","AT",1,"24",19.19,"SC","nonex",NA,7,NA,NA,NA,NA,94,NA,10,NA,60,NA,NA,NA,164,NA,0,NA,0,NA,NA,0,0,NA,NA,"7V",NA,NA,NA,NA,NA,NA,NA,NA,2013,2,NA,"Picea glauca",0,"Ruby Ranges (Printers), YT_AT_1_24",0,1,145
"Ruby Ranges (Printers), YT","Picea glauca","AT",1,"28",21.06,"SC","nonex",NA,11,NA,NA,NA,NA,97,NA,5,NA,60,NA,5,NA,167,NA,0,NA,0,NA,NA,0,0,NA,NA,"7V",NA,NA,NA,NA,NA,NA,NA,NA,2013,2,NA,"Picea glauca",0,"Ruby Ranges (Printers), YT_AT_1_28",0,1,145
"Ruby Ranges (Printers), YT","Picea glauca","AT",1,"10",6.24,"SD","nonex",NA,19,NA,NA,NA,NA,90,NA,NA,NA,60,NA,15,NA,165,NA,0,NA,0,NA,NA,2,0,NA,NA,"7V",NA,NA,NA,NA,NA,NA,NA,NA,2013,2,NA,"Picea glauca",2,"Ruby Ranges (Printers), YT_AT_1_10",1,0,145
"Ruby Ranges (Printers), YT","Picea glauca","AT",1,"14",8.94,"SD","nonex",NA,14.5,NA,NA,NA,NA,95,NA,15,NA,30,NA,NA,NA,140,NA,0,NA,0,NA,NA,4,0,NA,NA,"7V",NA,NA,NA,NA,NA,NA,NA,NA,2013,2,NA,"Picea glauca",4,"Ruby Ranges (Printers), YT_AT_1_14",1,0,145
"Ruby Ranges (Printers), YT","Picea glauca","AT",1,"15",9.55,"SD","nonex",NA,14,NA,NA,NA,NA,97,NA,NA,NA,50,NA,5,NA,152,NA,0,NA,0,NA,NA,3,0,NA,NA,"7V",NA,NA,NA,NA,NA,NA,NA,NA,2013,2,NA,"Picea glauca",3,"Ruby Ranges (Printers), YT_AT_1_15",1,0,145
"Ruby Ranges (Printers), YT","Picea glauca","AT",1,"21",14.43,"SD","nonex",NA,9,NA,NA,NA,NA,95,NA,35,NA,50,NA,15,NA,195,NA,0,NA,0,NA,NA,2,0,NA,NA,"7V",NA,NA,NA,NA,NA,NA,NA,NA,2013,2,NA,"Picea glauca",2,"Ruby Ranges (Printers), YT_AT_1_21",1,0,145
"Ruby Ranges (Printers), YT","Picea glauca","AT",1,"27",20.29,"SD","nonex",NA,12,NA,NA,NA,NA,97,NA,5,NA,60,NA,5,NA,167,NA,0,NA,0,NA,NA,4,0,NA,NA,"7V",NA,NA,NA,NA,NA,NA,NA,NA,2013,2,NA,"Picea glauca",4,"Ruby Ranges (Printers), YT_AT_1_27",1,0,145
"Ruby Ranges (Printers), YT","Picea glauca","AT",1,"5",2.02,"SS","nonex",NA,6,NA,NA,NA,NA,97,NA,30,NA,65,NA,5,NA,197,NA,0,NA,0,NA,NA,3,1,NA,NA,"7V",NA,NA,NA,NA,NA,NA,NA,NA,2013,2,NA,"Picea glauca",3,"Ruby Ranges (Printers), YT_AT_1_5",1,1,145
"Ruby Ranges (Printers), YT","Picea glauca","AT",1,"17",11.5,"SS","nonex",NA,17,NA,NA,NA,NA,5,NA,98,NA,85,NA,5,NA,193,NA,0,NA,0,NA,NA,3,0,NA,NA,"7V",NA,NA,NA,NA,NA,NA,NA,NA,2013,2,NA,"Picea glauca",3,"Ruby Ranges (Printers), YT_AT_1_17",1,1,145
"Ruby Ranges (Printers), YT","Picea glauca","AT",1,"19",13.16,"SS","nonex",NA,7.5,NA,NA,NA,NA,96,NA,30,NA,60,NA,10,NA,196,NA,0,NA,0,NA,NA,6,1,NA,NA,"7V",NA,NA,NA,NA,NA,NA,NA,NA,2013,2,NA,"Picea glauca",6,"Ruby Ranges (Printers), YT_AT_1_19",1,1,145
"Ruby Ranges (Printers), YT","Picea glauca","AT",1,"20",13.46,"SS","nonex",NA,16.5,NA,NA,NA,NA,97,NA,50,NA,20,NA,10,NA,177,NA,0,NA,0,NA,NA,5,1,NA,NA,"7V",NA,NA,NA,NA,NA,NA,NA,NA,2013,2,NA,"Picea glauca",5,"Ruby Ranges (Printers), YT_AT_1_20",1,1,145
"Ruby Ranges (Printers), YT","Picea glauca","AT",1,"29",21.28,"SS","nonex",NA,7.5,NA,NA,NA,NA,5,NA,NA,NA,90,NA,95,NA,190,NA,0,NA,0,NA,NA,4,0,NA,NA,"7V",NA,NA,NA,NA,NA,NA,NA,NA,2013,2,NA,"Picea glauca",4,"Ruby Ranges (Printers), YT_AT_1_29",1,1,145
"Tess","Pinus uncinata","AT",1,"2",1.1,"CN","nonex",NA,NA,5,5,0,0,5,5,75,0,NA,10,NA,NA,100,NA,0,NA,0,NA,NA,0,0,NA,NA,NA,NA,NA,NA,NA,NA,NA,NA,NA,2013,2,NA,"Pinus uncinata",0,"Tess_AT_1_2",0,0,300
"Tess","Pinus uncinata","AT",1,"3",1.9,"CN","nonex",NA,NA,0,0,0,0,30,10,55,0,NA,5,NA,NA,100,NA,0,NA,0,NA,NA,0,0,NA,NA,NA,NA,NA,NA,NA,NA,NA,NA,NA,2013,2,NA,"Pinus uncinata",0,"Tess_AT_1_3",0,0,300
"Tess","Pinus uncinata","AT",1,"6",5.3,"CN","nonex",NA,4,10,10,0,0,45,20,5,0,NA,20,NA,NA,100,NA,0,NA,0,NA,NA,0,0,NA,NA,NA,NA,NA,NA,NA,NA,NA,NA,NA,2013,2,NA,"Pinus uncinata",0,"Tess_AT_1_6",0,0,300
"Tess","Pinus uncinata","AT",1,"15",15.4,"CN","nonex",NA,NA,0,0,0,0,25,15,10,0,NA,50,NA,NA,100,NA,0,NA,0,NA,NA,0,0,NA,NA,NA,NA,NA,NA,NA,NA,NA,NA,NA,2013,2,NA,"Pinus uncinata",0,"Tess_AT_1_15",0,0,300
"Tess","Pinus uncinata","AT",1,"19",19,"CN","nonex",NA,NA,0,0,0,0,15,5,75,0,NA,5,NA,NA,100,NA,0,NA,0,NA,NA,0,0,NA,NA,NA,NA,NA,NA,NA,NA,NA,NA,NA,2013,2,NA,"Pinus uncinata",0,"Tess_AT_1_19",0,0,300
"Tess","Pinus uncinata","AT",1,"1",0,"SC","nonex",NA,6,0,0,0,0,5,5,80,0,NA,10,NA,NA,100,NA,0,NA,0,NA,NA,0,0,NA,NA,NA,NA,NA,NA,NA,NA,NA,NA,NA,2013,2,NA,"Pinus uncinata",0,"Tess_AT_1_1",0,1,300
"Tess","Pinus uncinata","AT",1,"8",7.5,"SC","nonex",NA,7,0,0,0,0,30,0,65,0,NA,5,NA,NA,100,NA,0,NA,0,NA,NA,0,0,NA,NA,NA,NA,NA,NA,NA,NA,NA,NA,NA,2013,2,NA,"Pinus uncinata",0,"Tess_AT_1_8",0,1,300
"Tess","Pinus uncinata","AT",1,"13",13.4,"SC","nonex",NA,5.7,15,15,0,0,35,15,35,0,NA,0,NA,NA,100,NA,0,NA,0,NA,NA,0,0,NA,NA,NA,NA,NA,NA,NA,NA,NA,NA,NA,2013,2,NA,"Pinus uncinata",0,"Tess_AT_1_13",0,1,300
"Tess","Pinus uncinata","AT",1,"18",18.1,"SC","nonex",NA,17.5,0,0,0,0,10,5,85,0,NA,0,NA,NA,100,NA,0,NA,0,NA,NA,0,0,NA,NA,NA,NA,NA,NA,NA,NA,NA,NA,NA,2013,2,NA,"Pinus uncinata",0,"Tess_AT_1_18",0,1,300
"Tess","Pinus uncinata","AT",1,"20",20,"SC","nonex",NA,6.5,0,0,0,0,25,25,35,0,NA,15,NA,NA,100,NA,0,NA,0,NA,NA,0,0,NA,NA,NA,NA,NA,NA,NA,NA,NA,NA,NA,2013,2,NA,"Pinus uncinata",0,"Tess_AT_1_20",0,1,300
"Tess","Pinus uncinata","AT",1,"4",3.2,"SD","ex",NA,NA,0,0,0,0,20,0,25,0,NA,55,NA,NA,100,NA,0,NA,0,NA,NA,21,13,NA,NA,NA,NA,NA,"Exclusion from herbivores with mesh cage (mesh size 0.5 cm)",NA,NA,NA,NA,NA,2013,2,NA,"Pinus uncinata",21,"Tess_AT_1_4",1,0,300
"Tess","Pinus uncinata","AT",1,"7",6.3,"SD","ex",NA,NA,0,0,0,0,15,5,80,0,NA,0,NA,NA,100,NA,0,NA,0,NA,NA,0,15,NA,NA,NA,NA,NA,"Exclusion from herbivores with mesh cage (mesh size 0.5 cm)",NA,NA,NA,NA,NA,2013,2,NA,"Pinus uncinata",0,"Tess_AT_1_7",1,0,300
"Tess","Pinus uncinata","AT",1,"9",8.6,"SD","nonex",NA,NA,0,0,0,0,20,9,70,1,NA,0,NA,NA,100,NA,0,NA,0,NA,NA,0,3,NA,NA,NA,NA,NA,NA,NA,NA,NA,NA,NA,2013,2,NA,"Pinus uncinata",0,"Tess_AT_1_9",1,0,300
"Tess","Pinus uncinata","AT",1,"12",11.9,"SD","nonex",NA,NA,5,5,0,0,35,5,55,0,NA,0,NA,NA,100,NA,0,NA,0,NA,NA,1,3,NA,NA,NA,NA,NA,"Label plot 773",NA,NA,NA,NA,NA,2013,2,NA,"Pinus uncinata",1,"Tess_AT_1_12",1,0,300
"Tess","Pinus uncinata","AT",1,"17",17.2,"SD","nonex",NA,NA,0,0,0,0,35,10,45,0,NA,10,NA,NA,100,NA,0,NA,0,NA,NA,0,4,NA,NA,NA,NA,NA,NA,NA,NA,NA,NA,NA,2013,2,NA,"Pinus uncinata",0,"Tess_AT_1_17",1,0,300
"Tess","Pinus uncinata","AT",1,"5",4.2,"SS","ex",NA,NA,0,0,0,0,40,15,20,0,NA,25,NA,NA,100,NA,0,NA,0,NA,NA,7,15,NA,NA,NA,NA,NA,"Exclusion from herbivores with mesh cage (mesh size 0.5 cm)",NA,NA,NA,NA,NA,2013,2,NA,"Pinus uncinata",7,"Tess_AT_1_5",1,1,300
"Tess","Pinus uncinata","AT",1,"10",9.4,"SS","nonex",NA,5.5,0,0,0,0,55,20,10,0,NA,15,NA,NA,100,NA,0,NA,0,NA,NA,0,2,NA,NA,NA,NA,NA,"Label plot 775",NA,NA,NA,NA,NA,2013,2,NA,"Pinus uncinata",0,"Tess_AT_1_10",1,1,300
"Tess","Pinus uncinata","AT",1,"11",10.7,"SS","ex",NA,8,0,0,0,0,30,15,40,0,NA,15,NA,NA,100,NA,0,NA,0,NA,NA,0,9,NA,NA,NA,NA,NA,"Exclusion from herbivores with mesh cage (mesh size 0.5 cm)",NA,NA,NA,NA,NA,2013,2,NA,"Pinus uncinata",0,"Tess_AT_1_11",1,1,300
"Tess","Pinus uncinata","AT",1,"14",14.3,"SS","nonex",NA,7.3,10,10,0,0,15,14,40,1,NA,20,NA,NA,100,NA,0,NA,0,NA,NA,0,1,NA,NA,NA,NA,NA,NA,NA,NA,NA,NA,NA,2013,2,NA,"Pinus uncinata",0,"Tess_AT_1_14",1,1,300
"Tess","Pinus uncinata","AT",1,"16",16.2,"SS","nonex",NA,6.6,0,0,0,0,60,10,5,0,NA,25,NA,NA,100,NA,0,NA,0,NA,NA,0,4,NA,NA,NA,NA,NA,"Label plot 757",NA,NA,NA,NA,NA,2013,2,NA,"Pinus uncinata",0,"Tess_AT_1_16",1,1,300
